40, 80, 55, 12:00:00 AM
40, 81, 54, 12:00:10 AM
40, 82, 54, 12:00:20 AM
40, 83, 55, 12:00:30 AM
40, 83, 51, 12:00:40 AM
40, 83, 51, 12:00:50 AM
40, 83, 50, 12:01:00 AM
40, 83, 53, 12:01:10 AM
40, 83, 54, 12:01:20 AM
40, 83, 53, 12:01:30 AM
40, 83, 51, 12:01:40 AM
40, 83, 55, 12:01:50 AM
40, 83, 55, 12:02:00 AM
40, 83, 50, 12:02:10 AM
40, 83, 55, 12:02:20 AM
40, 83, 53, 12:02:30 AM
40, 83, 54, 12:02:40 AM
40, 83, 53, 12:02:50 AM
40, 83, 52, 12:03:00 AM
40, 83, 54, 12:03:10 AM
40, 83, 54, 12:03:20 AM
40, 83, 52, 12:03:30 AM
40, 83, 54, 12:03:40 AM
40, 83, 54, 12:03:50 AM
40, 83, 55, 12:04:00 AM
40, 83, 51, 12:04:10 AM
41, 83, 53, 12:04:20 AM
42, 83, 52, 12:04:30 AM
43, 83, 55, 12:04:40 AM
44, 83, 53, 12:04:50 AM
45, 83, 53, 12:05:00 AM
46, 83, 54, 12:05:10 AM
47, 83, 54, 12:05:20 AM
48, 83, 50, 12:05:30 AM
49, 83, 52, 12:05:40 AM
50, 83, 50, 12:05:50 AM
51, 83, 53, 12:06:00 AM
52, 83, 54, 12:06:10 AM
53, 83, 54, 12:06:20 AM
54, 83, 50, 12:06:30 AM
55, 83, 51, 12:06:40 AM
56, 83, 52, 12:06:50 AM
57, 83, 55, 12:07:00 AM
58, 83, 52, 12:07:10 AM
59, 83, 51, 12:07:20 AM
60, 83, 53, 12:07:30 AM
61, 83, 53, 12:07:40 AM
62, 83, 51, 12:07:50 AM
63, 83, 50, 12:08:00 AM
64, 83, 54, 12:08:10 AM
65, 83, 50, 12:08:20 AM
66, 83, 50, 12:08:30 AM
67, 83, 50, 12:08:40 AM
68, 83, 52, 12:08:50 AM
69, 83, 54, 12:09:00 AM
70, 83, 53, 12:09:10 AM
71, 83, 55, 12:09:20 AM
72, 83, 50, 12:09:30 AM
73, 83, 51, 12:09:40 AM
74, 83, 53, 12:09:50 AM
75, 83, 53, 12:10:00 AM
76, 83, 54, 12:10:10 AM
77, 83, 52, 12:10:20 AM
78, 83, 52, 12:10:30 AM
79, 83, 51, 12:10:40 AM
80, 83, 50, 12:10:50 AM
81, 83, 55, 12:11:00 AM
82, 83, 55, 12:11:10 AM
83, 83, 52, 12:11:20 AM
84, 83, 55, 12:11:30 AM
84, 83, 52, 12:11:40 AM
84, 83, 55, 12:11:50 AM
84, 83, 54, 12:12:00 AM
84, 83, 53, 12:12:10 AM
84, 83, 50, 12:12:20 AM
84, 83, 53, 12:12:30 AM
84, 83, 54, 12:12:40 AM
84, 83, 53, 12:12:50 AM
84, 83, 51, 12:13:00 AM
84, 83, 53, 12:13:10 AM
84, 83, 50, 12:13:20 AM
84, 83, 50, 12:13:30 AM
84, 83, 53, 12:13:40 AM
84, 83, 54, 12:13:50 AM
84, 83, 50, 12:14:00 AM
84, 83, 55, 12:14:10 AM
84, 83, 53, 12:14:20 AM
84, 83, 52, 12:14:30 AM
83, 83, 54, 12:14:40 AM
83, 83, 50, 12:14:50 AM
83, 83, 53, 12:15:00 AM
83, 83, 50, 12:15:10 AM
83, 83, 51, 12:15:20 AM
83, 83, 51, 12:15:30 AM
83, 83, 54, 12:15:40 AM
83, 83, 52, 12:15:50 AM
83, 83, 53, 12:16:00 AM
83, 83, 55, 12:16:10 AM
83, 83, 52, 12:16:20 AM
83, 83, 53, 12:16:30 AM
